THRESHOLD_GEO,THRESHOLD_PNP,BACKBONE,GEO_HEAD,PNP_HEAD
0,0,0.017270745230892386,0.0036849560001148626,0.0009057182613431882
